Business,Website,Contact Name,Contact (email / LinkedIn / IG),Source,Issue Spotted (your hook),Best-fit Service,Status,Date Contacted,Follow-up Date,Notes
Azada Beauty,azadabeauty.com,Owner (via forum),Shopify Community thread /t/.../658282,Shopify Community – owner asked for feedback,14 broken images + 3.4s load on a store running paid Meta ads,Speed & SEO Tune-up,To contact,,,Runs Meta ads to mobile — broken images = wasted ad spend. Teardown ready. VERIFY broken images vs screenshot before sending.
Lylo Watches,lylowatches.com,Owner (via forum),Shopify Community thread /t/i-need-honest-feedback-on-my-brand-store/646492,Shopify Community – owner asked for feedback,5.0s load + 1211ms server response (owner says sales dropped),Speed Tune-up / Migration,To contact,,,Hot lead — owner openly worried sales fell off. Teardown ready.
Art For Light,artforlight.shop,Owner (via forum),Shopify Community thread /t/honest-feedback-needed-for-my-first-shopify-jewelry-store/646775,Shopify Community – owner asked for feedback,3.8s load + sold-out items still add-to-cart (verify live),Store polish + Care Plan,To contact,,,Handmade jewelry; trust/UX fixes. Teardown ready.
KASH ERA,kasheraapparel.myshopify.com,Owner (via forum),Shopify Community thread /t/building-a-premium-streetwear-brand-need-real-feedback-before-i-scale-kash-era/600005,Shopify Community – owner asked for feedback,Still on default myshopify.com domain + no favicon,Store Launch / domain + polish,To contact,,,Wants to feel premium before scaling ads. Teardown ready.
Omicove,omicove.com,(no name),omicovespprt@gmail.com,New-stores directory (cold),No meta description + multiple H1s + JS console error,SEO Tune-up,Sent,2026-08-01,2026-08-04,Women's grooming devices. Colder lead. Teardown ready. SENT 8/1 — follow up 8/4.
Luna Goods,lunagoods.nl,(no name),info@lunagoods.nl,New-stores directory (cold),No meta description + no favicon + JS error,SEO / store polish,Sent,2026-08-01,2026-08-04,Dutch women's fashion — consider messaging in Dutch. Teardown ready. SENT 8/1 — follow up 8/4.
[Example] Bayside Dental,baysidedental.com.au,Dr. Lee,reception@baysidedental.com.au,Google Maps – dentists Sydney,Not mobile-friendly + no online booking,Website (Site Sprint),To contact,,,Looks ~5 yrs old
[Example] Leaf & Bean Co,leafandbean.myshopify.com,Mara,@leafandbean (IG),Instagram – new coffee brands,New store on default theme + slow,Online Store + Care Plan,To contact,,,DM via IG
[Example] TaskFlow (founder),,Sam,linkedin.com/in/sam-example,Indie Hackers – "looking for a dev",Wants an MVP built; no technical co-founder,Web App Build,To contact,,,Posted asking for help
